,movie_code,duration,facenumber_in_poster,country,budget,gross,num_voted_users,num_user_for_reviews,num_critic_for_reviews,movie_facebook_likes,director_facebook_likes,actor_1_facebook_likes,actor_2_facebook_likes,actor_3_facebook_likes,cast_total_facebook_likes,imdb_score,imdb_score_class
148,149,133.0,0.0,UK,142000000.0,160201106.0,169914,1185.0,264.0,0,93.0,769.0,766.0,746.0,2538,6.1,Good
909,910,124.0,1.0,USA,55000000.0,5755286.0,18310,63.0,106.0,672,161.0,21000.0,3000.0,681.0,26334,5.9,Fair
4156,4157,102.0,3.0,USA,2800000.0,22202612.0,291875,533.0,213.0,14000,149.0,695.0,421.0,357.0,2509,8.1,Excellent
2874,2875,93.0,0.0,USA,13000000.0,25675765.0,60407,84.0,168.0,11000,24.0,552.0,528.0,499.0,2730,5.9,Fair
1717,1718,80.0,1.0,USA,,3101301.0,3926,38.0,41.0,353,9.0,17000.0,2000.0,826.0,21519,4.0,Bad
2227,2228,98.0,0.0,Australia,20000000.0,29975979.0,105797,281.0,292.0,0,35.0,125.0,37.0,16.0,189,6.5,Good
1583,1584,105.0,4.0,USA,30250000.0,72077000.0,62986,150.0,96.0,0,188.0,848.0,808.0,482.0,3439,6.9,Good
4256,4257,118.0,0.0,USA,2000000.0,11533945.0,77551,434.0,123.0,0,108.0,173.0,148.0,103.0,563,7.6,Good
782,783,96.0,1.0,USA,60000000.0,32122249.0,69319,138.0,105.0,846,11000.0,22000.0,394.0,236.0,22889,5.9,Fair
4792,4793,84.0,0.0,USA,15000.0,107917283.0,184824,1189.0,409.0,12000,110.0,189.0,109.0,21.0,330,6.3,Good
1681,1682,133.0,0.0,USA,35000000.0,21129348.0,146364,237.0,239.0,27000,549.0,10000.0,796.0,343.0,11799,7.4,Good
3109,3110,107.0,2.0,Australia,12305523.0,36200000.0,101840,193.0,117.0,0,750.0,794.0,531.0,60.0,1529,6.2,Good
4312,4313,85.0,1.0,USA,25000000.0,13973532.0,11211,92.0,52.0,215,54.0,985.0,637.0,455.0,3065,5.1,Fair
1699,1700,100.0,3.0,USA,30000000.0,11576087.0,14747,338.0,85.0,858,38.0,811.0,586.0,362.0,2497,4.1,Fair
2643,2644,227.0,8.0,UK,15000000.0,6000000.0,192775,559.0,181.0,11000,767.0,607.0,202.0,87.0,1076,8.4,Excellent
3771,3772,122.0,0.0,France,4000000.0,3950029.0,12411,89.0,195.0,0,22.0,186.0,135.0,32.0,416,7.2,Good
1679,1680,131.0,2.0,USA,30000000.0,28644770.0,78974,141.0,232.0,11000,89.0,2000.0,401.0,372.0,3479,6.2,Good
1488,1489,101.0,1.0,USA,35000000.0,10268846.0,31918,142.0,166.0,0,57.0,1000.0,603.0,230.0,1947,5.5,Fair
4799,4800,92.0,0.0,USA,400000.0,425899.0,1123,31.0,4.0,638,4.0,93.0,31.0,12.0,168,5.1,Fair
3145,3146,96.0,0.0,USA,11000000.0,16667084.0,90070,248.0,132.0,11000,31.0,651.0,610.0,536.0,3119,7.1,Good
5001,5002,75.0,0.0,USA,50000.0,,106,5.0,7.0,225,14.0,252.0,132.0,130.0,638,3.7,Bad
4804,4805,80.0,0.0,Canada,500000.0,,4788,52.0,80.0,166,3.0,108.0,64.0,39.0,272,6.1,Good
2378,2379,172.0,0.0,USA,19000000.0,,6156,91.0,30.0,560,75.0,617.0,134.0,102.0,1131,6.7,Good
4818,4819,43.0,6.0,USA,,,72017,323.0,23.0,17000,,2000.0,821.0,576.0,5052,6.7,Good
1105,1106,111.0,1.0,USA,45000000.0,46815748.0,32544,69.0,42.0,0,161.0,11000.0,894.0,132.0,12161,6.3,Good
696,697,127.0,0.0,USA,63000000.0,356784000.0,613473,895.0,308.0,19000,14000.0,967.0,610.0,191.0,2129,8.1,Excellent
1968,1969,145.0,1.0,USA,25000000.0,13038660.0,16995,163.0,99.0,0,317.0,876.0,219.0,70.0,1282,7.3,Good
1386,1387,124.0,0.0,USA,34000000.0,23360779.0,31113,212.0,126.0,852,287.0,9000.0,1000.0,475.0,10838,5.7,Fair
171,172,128.0,2.0,UK,135000000.0,126930660.0,157519,683.0,197.0,2000,150.0,766.0,536.0,244.0,2037,6.4,Good
1491,1492,109.0,3.0,USA,35000000.0,10499968.0,47498,212.0,233.0,10000,453.0,1000.0,206.0,120.0,1458,5.7,Fair
2583,2584,101.0,0.0,UK,20000000.0,2319187.0,92640,212.0,393.0,23000,0.0,3000.0,1000.0,888.0,5056,7.0,Good
4466,4467,60.0,0.0,USA,5000000.0,,6381,79.0,8.0,963,,210.0,121.0,109.0,611,7.7,Good
1181,1182,102.0,6.0,USA,42000000.0,18600911.0,125198,153.0,258.0,11000,20.0,107.0,81.0,54.0,362,6.6,Good
2357,2358,113.0,1.0,USA,19000000.0,58571513.0,30213,112.0,43.0,0,17.0,14000.0,599.0,551.0,15914,6.8,Good
4902,4903,103.0,0.0,USA,200000.0,174682.0,460,14.0,12.0,96,18.0,96.0,90.0,61.0,314,6.9,Good
3084,3085,144.0,5.0,India,,1165104.0,8598,43.0,10.0,250,0.0,564.0,154.0,119.0,1121,5.3,Fair
1150,1151,154.0,0.0,USA,42000000.0,158348400.0,88844,142.0,56.0,0,521.0,10000.0,1000.0,957.0,14244,6.8,Good
1867,1868,133.0,3.0,USA,25000000.0,172825435.0,383784,331.0,100.0,12000,272.0,10000.0,898.0,628.0,12285,8.0,Good
3121,3122,101.0,0.0,USA,10000000.0,29500000.0,25613,121.0,78.0,0,287.0,745.0,730.0,257.0,1954,6.5,Good
1916,1917,97.0,1.0,USA,25000000.0,48237389.0,63969,126.0,129.0,0,29.0,15000.0,852.0,816.0,18789,5.5,Fair
804,805,106.0,3.0,Germany,60000000.0,17281832.0,60232,110.0,161.0,0,34.0,3000.0,1000.0,466.0,5329,6.1,Good
229,230,134.0,0.0,USA,105000000.0,57637485.0,183909,666.0,207.0,0,123.0,14000.0,850.0,567.0,17159,6.7,Good
2220,2221,101.0,1.0,USA,20000000.0,53146000.0,9845,77.0,31.0,613,154.0,1000.0,816.0,497.0,3174,6.1,Good
2776,2777,119.0,2.0,USA,14000000.0,34700000.0,52846,143.0,51.0,0,350.0,18000.0,17000.0,418.0,35501,7.7,Good
1509,1510,,0.0,USA,23000000.0,,219,,,26,194.0,970.0,856.0,816.0,3874,7.2,Good
4340,4341,89.0,1.0,USA,2000000.0,,1040,22.0,32.0,0,20000.0,2000.0,860.0,618.0,4968,4.5,Fair
1799,1800,92.0,0.0,UK,15000000.0,17508670.0,64625,281.0,220.0,0,14.0,386.0,99.0,78.0,646,7.4,Good
1237,1238,107.0,0.0,USA,40000000.0,52000688.0,171418,619.0,351.0,17000,190.0,2000.0,1000.0,520.0,4243,6.4,Good
653,654,136.0,3.0,USA,63000000.0,171383253.0,1217752,3646.0,313.0,25000,0.0,18000.0,145.0,99.0,18563,8.7,Excellent
733,734,156.0,5.0,USA,55000000.0,75530832.0,97047,452.0,171.0,0,0.0,14000.0,2000.0,1000.0,20761,6.8,Good
2709,2710,99.0,1.0,USA,,,1465,56.0,,515,45.0,1000.0,393.0,224.0,2166,7.4,Good
3701,3702,89.0,0.0,USA,5000000.0,50820940.0,31915,159.0,183.0,18000,10.0,852.0,707.0,704.0,5056,4.4,Fair
4911,4912,126.0,0.0,Denmark,,,9903,49.0,54.0,863,147.0,0.0,0.0,0.0,0,8.1,Excellent
370,371,113.0,0.0,USA,90000000.0,100018837.0,156348,380.0,198.0,0,221.0,11000.0,600.0,503.0,13446,5.5,Fair
2525,2526,120.0,1.0,France,17000000.0,106869.0,13762,39.0,106.0,0,30.0,14000.0,287.0,55.0,14492,6.6,Good
4585,4586,53.0,0.0,USA,1000000.0,274661.0,10564,40.0,84.0,0,141.0,141.0,125.0,23.0,313,7.7,Good
3904,3905,93.0,0.0,France,5000000.0,15152879.0,13506,68.0,161.0,0,8.0,45000.0,541.0,400.0,46868,4.0,Bad
1745,1746,94.0,0.0,USA,29000000.0,6301131.0,92850,263.0,161.0,0,11.0,1000.0,948.0,566.0,5085,7.1,Good
1121,1122,95.0,0.0,UK,35000000.0,13401683.0,203461,588.0,432.0,46000,38.0,409.0,107.0,20.0,578,7.1,Good
278,279,22.0,0.0,,,,6,,,0,0.0,5.0,,,5,7.2,Good
2145,2146,112.0,3.0,USA,21000000.0,6830957.0,11983,147.0,111.0,365,52.0,15000.0,1000.0,347.0,16692,6.7,Good
2961,2962,94.0,1.0,USA,12000000.0,16300302.0,64682,203.0,325.0,0,655.0,9000.0,786.0,390.0,10575,6.3,Good
1760,1761,115.0,0.0,Japan,30000000.0,,8227,28.0,62.0,0,21.0,173.0,59.0,47.0,386,6.5,Good
4949,4950,88.0,2.0,Canada,120000.0,,3262,46.0,8.0,377,686.0,847.0,686.0,405.0,2364,7.0,Good
2444,2445,104.0,2.0,Canada,18000000.0,7739049.0,10680,112.0,93.0,562,109.0,405.0,204.0,202.0,847,7.1,Good
2340,2341,100.0,3.0,USA,22000000.0,121972.0,9868,81.0,42.0,217,3.0,14000.0,506.0,442.0,15612,5.5,Fair
4679,4680,101.0,0.0,USA,750000.0,77501.0,27260,247.0,292.0,0,243.0,969.0,128.0,74.0,1252,5.5,Fair
3198,3199,93.0,1.0,USA,10000000.0,26583369.0,20837,127.0,185.0,10000,4.0,533.0,35.0,4.0,578,4.8,Fair
437,438,110.0,0.0,USA,80000000.0,180965237.0,300542,378.0,154.0,0,0.0,10000.0,1000.0,898.0,12760,7.1,Good
936,937,131.0,0.0,USA,52000000.0,125548685.0,135246,498.0,169.0,0,0.0,8000.0,883.0,658.0,10003,7.3,Good
2339,2340,107.0,1.0,USA,20000000.0,1183354.0,13026,75.0,138.0,0,14.0,403.0,368.0,311.0,1577,5.1,Fair
4457,4458,120.0,1.0,UK,960000.0,3650677.0,414976,523.0,116.0,21000,0.0,26000.0,1000.0,452.0,28294,8.2,Excellent
1351,1352,102.0,0.0,USA,38000000.0,24044532.0,19686,180.0,106.0,689,43.0,308.0,285.0,280.0,1440,5.6,Fair
854,855,111.0,0.0,USA,30000000.0,70098138.0,735784,2105.0,354.0,13000,16000.0,926.0,890.0,640.0,3983,8.1,Excellent
3377,3378,91.0,2.0,USA,8000000.0,17843379.0,14904,147.0,59.0,0,13.0,452.0,442.0,292.0,1760,5.7,Fair
4452,4453,101.0,,USA,2000000.0,,162,8.0,9.0,724,20.0,1000.0,301.0,256.0,2419,4.8,Fair
4450,4451,113.0,2.0,UK,1455000.0,,1978,41.0,10.0,209,74.0,984.0,423.0,387.0,2140,5.5,Fair
4424,4425,94.0,1.0,USA,,,919,14.0,8.0,0,13.0,1000.0,826.0,616.0,3288,6.7,Good
4631,4632,103.0,0.0,USA,,,4998,55.0,32.0,785,17.0,754.0,605.0,113.0,1567,7.1,Good
4386,4387,126.0,10.0,USA,1644736.0,,17799,133.0,51.0,0,964.0,319.0,302.0,275.0,1363,8.0,Good
4885,4886,83.0,0.0,USA,240000.0,,110,1.0,2.0,72,12.0,1000.0,185.0,29.0,1244,6.5,Good
1818,1819,109.0,0.0,UK,25000000.0,,19568,208.0,56.0,0,181.0,303.0,146.0,137.0,960,6.7,Good
883,884,100.0,0.0,USA,71000000.0,11466088.0,8983,84.0,44.0,316,0.0,995.0,879.0,745.0,3952,4.7,Fair
1615,1616,87.0,1.0,USA,30000000.0,64172251.0,19079,122.0,61.0,602,129.0,979.0,891.0,560.0,2911,5.4,Fair
2052,2053,85.0,6.0,USA,23000000.0,86930411.0,83269,87.0,43.0,0,119.0,3000.0,348.0,144.0,3847,6.8,Good
3551,3552,88.0,8.0,Ireland,,828.0,5133,31.0,54.0,663,11.0,1000.0,418.0,415.0,2728,6.4,Good
4105,4106,110.0,0.0,USA,3500000.0,2848578.0,3942,65.0,19.0,0,13.0,439.0,399.0,221.0,1567,6.3,Good
4099,4100,86.0,0.0,USA,,4063238.0,43982,139.0,345.0,11000,387.0,962.0,481.0,270.0,2260,7.4,Good
2096,2097,83.0,0.0,USA,22000000.0,22264487.0,41239,166.0,98.0,887,2.0,591.0,489.0,137.0,1729,4.6,Fair
4697,4698,84.0,2.0,USA,650000.0,2301777.0,819,36.0,25.0,161,21.0,465.0,170.0,48.0,714,6.5,Good
1472,1473,109.0,3.0,USA,35000000.0,19692608.0,63548,134.0,298.0,0,90.0,1000.0,412.0,344.0,2073,6.2,Good
2962,2963,93.0,1.0,USA,12000000.0,27829874.0,196422,444.0,170.0,0,83.0,26000.0,725.0,501.0,28767,7.0,Good
1989,1990,117.0,1.0,UK,25000000.0,,3334,52.0,21.0,739,71.0,433.0,54.0,42.0,611,4.8,Fair
3900,3901,106.0,1.0,USA,3500000.0,20803237.0,110616,291.0,323.0,16000,450.0,14000.0,3000.0,712.0,18645,7.1,Good
2326,2327,118.0,4.0,USA,20000000.0,2246000.0,2302,20.0,27.0,0,14.0,2000.0,769.0,400.0,3384,7.0,Good
2963,2964,93.0,2.0,USA,,13960203.0,2301,15.0,11.0,439,3.0,1000.0,560.0,324.0,2939,5.3,Fair
4270,4271,106.0,0.0,UK,,4581222.0,26926,156.0,121.0,0,162.0,21.0,5.0,3.0,29,8.1,Excellent
1266,1267,136.0,3.0,USA,40000000.0,42615685.0,136093,416.0,303.0,24000,3000.0,14000.0,9000.0,3000.0,28927,6.1,Good
2873,2874,93.0,1.0,UK,13000000.0,4919896.0,21530,159.0,111.0,618,16.0,567.0,326.0,258.0,1775,6.1,Good
3290,3291,126.0,0.0,USA,20000000.0,17804273.0,20449,370.0,136.0,1000,37.0,12000.0,10000.0,883.0,25660,7.0,Good
4253,4254,87.0,0.0,Australia,2000000.0,9003011.0,133966,294.0,177.0,0,750.0,745.0,531.0,41.0,1396,7.6,Good
3961,3962,93.0,2.0,USA,4000000.0,,4146,29.0,39.0,0,21.0,763.0,637.0,359.0,2651,4.7,Fair
4839,4840,109.0,0.0,USA,200000.0,5199.0,720,23.0,13.0,30,3.0,54.0,53.0,25.0,185,6.6,Good
1433,1434,75.0,2.0,USA,33000000.0,57651794.0,40651,209.0,90.0,0,221.0,11000.0,970.0,553.0,13125,5.6,Fair
522,523,129.0,0.0,USA,73000000.0,229074524.0,278362,552.0,177.0,0,14000.0,610.0,506.0,227.0,1635,6.5,Good
2672,2673,92.0,1.0,USA,20000000.0,18843314.0,27486,284.0,78.0,0,8.0,472.0,239.0,129.0,1045,4.7,Fair
4463,4464,105.0,2.0,USA,1300000.0,609042.0,449,38.0,14.0,117,7.0,2000.0,783.0,548.0,3475,6.5,Good
1468,1469,106.0,1.0,USA,35000000.0,28064226.0,65044,173.0,180.0,13000,309.0,327.0,73.0,63.0,561,5.0,Fair
4255,4256,152.0,0.0,UK,2000000.0,,67825,207.0,103.0,0,0.0,618.0,367.0,177.0,1404,7.7,Good
3770,3771,112.0,0.0,Canada,5000000.0,4306697.0,26720,196.0,120.0,920,460.0,990.0,900.0,395.0,2820,7.7,Good
1905,1906,142.0,0.0,USA,25000000.0,44700000.0,537442,851.0,147.0,19000,0.0,14000.0,670.0,638.0,16464,8.3,Excellent
403,404,44.0,1.0,USA,,,159910,270.0,103.0,59000,,544.0,183.0,148.0,996,8.6,Excellent
644,645,30.0,1.0,USA,,,15114,87.0,4.0,0,,995.0,363.0,359.0,2465,7.4,Good
1339,1340,96.0,2.0,USA,38000000.0,88915214.0,163665,169.0,174.0,9000,126.0,18000.0,957.0,954.0,22436,6.5,Good
2915,2916,132.0,0.0,USA,8000000.0,204565000.0,284252,1058.0,304.0,18000,607.0,1000.0,931.0,259.0,2466,8.0,Good
3668,3669,125.0,0.0,UK,5500000.0,58800000.0,40511,213.0,90.0,0,46.0,368.0,303.0,249.0,1651,7.2,Good
1753,1754,131.0,0.0,USA,28000000.0,81350242.0,592582,722.0,233.0,25000,323.0,25000.0,13000.0,541.0,40585,8.2,Excellent
1072,1073,91.0,2.0,USA,45000000.0,130512915.0,60884,85.0,35.0,0,32.0,924.0,664.0,628.0,3244,4.8,Fair
2109,2110,95.0,1.0,Germany,22000000.0,13555988.0,7242,38.0,38.0,0,34.0,554.0,439.0,368.0,2216,5.7,Fair
2105,2106,106.0,1.0,USA,30000000.0,17951431.0,25462,200.0,95.0,804,12.0,962.0,844.0,595.0,4239,5.8,Fair
2574,2575,108.0,7.0,USA,16000000.0,,5237,90.0,42.0,392,38.0,940.0,416.0,316.0,1945,4.9,Fair
3661,3662,112.0,0.0,UK,3500159.0,32541719.0,89806,438.0,161.0,0,98.0,883.0,528.0,397.0,2201,6.7,Good
648,649,132.0,1.0,USA,66000000.0,43568507.0,136954,346.0,327.0,32000,76.0,3000.0,3000.0,464.0,7081,6.5,Good
1179,1180,108.0,1.0,Hong Kong,41000000.0,22108977.0,29861,132.0,98.0,505,4.0,687.0,312.0,96.0,1134,5.2,Fair
1119,1120,124.0,0.0,USA,45000000.0,19719930.0,42621,531.0,150.0,0,0.0,723.0,44.0,19.0,793,6.8,Good
2470,2471,105.0,0.0,France,14000000.0,63260.0,14325,90.0,112.0,0,2.0,805.0,306.0,69.0,1185,6.7,Good
3681,3682,93.0,1.0,Finland,3850000.0,611709.0,15267,41.0,205.0,0,592.0,232.0,67.0,36.0,391,7.2,Good
413,414,131.0,1.0,USA,68000000.0,51396781.0,188887,662.0,187.0,0,218.0,5000.0,35.0,29.0,5103,7.6,Good
1117,1118,117.0,0.0,USA,45000000.0,20101861.0,24757,81.0,43.0,0,11000.0,905.0,484.0,451.0,2348,6.0,Fair
2056,2057,97.0,3.0,USA,23000000.0,27338033.0,19709,167.0,92.0,0,956.0,20000.0,551.0,99.0,20798,6.1,Good
1524,1525,101.0,0.0,USA,33000000.0,51758599.0,27580,232.0,107.0,742,43.0,2000.0,1000.0,655.0,5942,5.5,Fair
1691,1692,104.0,0.0,Canada,26000000.0,16999046.0,79517,354.0,368.0,12000,165.0,900.0,686.0,559.0,2222,5.8,Fair
4567,4568,92.0,2.0,USA,1000000.0,,38893,366.0,260.0,0,152.0,1000.0,282.0,124.0,1587,7.2,Good
415,416,130.0,1.0,USA,70000000.0,50016394.0,106528,257.0,80.0,0,323.0,670.0,442.0,330.0,2407,6.2,Good
3448,3449,103.0,0.0,France,50000000.0,206400.0,1439,26.0,38.0,26,27.0,71.0,59.0,59.0,262,6.9,Good
1456,1457,101.0,1.0,USA,35000000.0,28687835.0,40964,245.0,195.0,0,40.0,2000.0,648.0,398.0,3612,6.2,Good
2013,2014,100.0,2.0,China,25000000.0,129115.0,5900,26.0,65.0,0,3.0,79.0,68.0,55.0,285,6.5,Good
4743,4744,91.0,0.0,USA,500000.0,154077.0,6884,53.0,81.0,238,12000.0,778.0,327.0,213.0,1440,6.6,Good
4534,4535,110.0,1.0,USA,1300000.0,,507063,881.0,211.0,35000,17000.0,22000.0,745.0,595.0,23525,8.3,Excellent
267,268,114.0,4.0,USA,110000000.0,61656849.0,184561,554.0,326.0,123000,151.0,11000.0,635.0,430.0,12908,6.7,Good
3984,3985,88.0,0.0,USA,3500000.0,83400000.0,160281,427.0,134.0,16000,104.0,628.0,575.0,318.0,2726,7.8,Good
4288,4289,100.0,0.0,UK,2000000.0,1134049.0,5475,44.0,107.0,0,90.0,168.0,142.0,65.0,408,8.1,Excellent
3953,3954,119.0,4.0,USA,4000000.0,,3297,42.0,46.0,798,8.0,3000.0,3000.0,2000.0,10984,6.0,Fair
3967,3968,120.0,0.0,UK,2000000.0,,23713,167.0,62.0,2000,160.0,559.0,269.0,94.0,1238,7.9,Good
2102,2103,142.0,0.0,USA,22000000.0,19283782.0,31227,354.0,85.0,0,0.0,978.0,911.0,854.0,5386,6.6,Good
542,543,45.0,1.0,USA,,,29450,67.0,12.0,0,,374.0,130.0,0.0,504,8.3,Excellent
1260,1261,92.0,0.0,USA,40000000.0,42575718.0,83788,227.0,277.0,20000,77.0,703.0,682.0,495.0,3074,5.9,Fair
2005,2006,88.0,2.0,France,,,5385,22.0,56.0,0,4.0,783.0,749.0,602.0,3874,6.1,Good
3358,3359,174.0,3.0,USA,8200000.0,163214286.0,148172,406.0,119.0,15000,338.0,354.0,209.0,195.0,1495,8.0,Good
1727,1728,118.0,1.0,Germany,30000000.0,,10175,23.0,46.0,0,55.0,113.0,11.0,11.0,143,7.1,Good
2657,2658,106.0,5.0,USA,14000000.0,32645546.0,8427,88.0,96.0,1000,61.0,907.0,807.0,649.0,3462,6.4,Good
4230,4231,120.0,5.0,USA,2300000.0,12985267.0,4977,63.0,11.0,13000,16.0,2000.0,848.0,835.0,6752,5.9,Fair
1330,1331,102.0,1.0,USA,,42640890.0,32412,184.0,110.0,0,36.0,747.0,452.0,433.0,1930,5.6,Fair
3343,3344,128.0,2.0,India,12000000.0,4018695.0,69759,235.0,210.0,27000,160.0,8000.0,327.0,81.0,8532,8.0,Good
1494,1495,83.0,5.0,USA,35000000.0,11631245.0,15015,113.0,63.0,494,12.0,2000.0,826.0,690.0,5022,4.2,Fair
3526,3527,93.0,2.0,UK,,518134.0,21243,66.0,151.0,0,47.0,554.0,524.0,13.0,1105,6.2,Good
2236,2237,106.0,0.0,USA,20000000.0,21200000.0,34774,162.0,59.0,1000,835.0,1000.0,967.0,458.0,3598,6.8,Good
4327,4328,92.0,1.0,USA,2300000.0,7927.0,19236,175.0,90.0,0,0.0,1000.0,29.0,18.0,1055,7.7,Good
4766,4767,90.0,0.0,USA,,,22,,,337,0.0,970.0,812.0,569.0,3359,7.5,Good
3132,3133,96.0,1.0,USA,10000000.0,20384136.0,20467,371.0,120.0,0,9.0,690.0,533.0,448.0,2402,4.7,Fair
2756,2757,120.0,2.0,USA,14500000.0,46338728.0,167750,506.0,106.0,10000,1000.0,29000.0,1000.0,954.0,33791,6.8,Good
2352,2353,105.0,3.0,USA,27220000.0,,43879,133.0,120.0,11000,17.0,12000.0,991.0,897.0,16355,6.4,Good
3469,3470,110.0,1.0,USA,7000000.0,113709992.0,108843,281.0,324.0,54000,0.0,17000.0,15000.0,11000.0,46646,6.1,Good
1366,1367,112.0,0.0,USA,38000000.0,34912982.0,55617,266.0,194.0,14000,5.0,17000.0,1000.0,724.0,19974,5.2,Fair
2249,2250,148.0,0.0,USA,15000000.0,18352454.0,426359,760.0,274.0,76000,0.0,17000.0,882.0,826.0,18752,8.2,Excellent
2028,2029,115.0,1.0,USA,24000000.0,32662299.0,16469,275.0,106.0,0,597.0,893.0,854.0,597.0,3946,6.9,Good
3304,3305,95.0,1.0,USA,9000000.0,2955039.0,3624,27.0,65.0,313,49.0,702.0,616.0,261.0,2007,6.2,Good
2151,2152,115.0,1.0,USA,18000000.0,242374454.0,661017,771.0,234.0,16000,14000.0,11000.0,783.0,488.0,12906,8.5,Excellent
161,162,102.0,5.0,USA,145000000.0,176997107.0,221128,343.0,292.0,46000,255.0,18000.0,3000.0,953.0,23378,7.9,Good
1851,1852,105.0,0.0,USA,26000000.0,28501651.0,88035,201.0,217.0,10000,260.0,20000.0,15000.0,3000.0,42473,7.1,Good
3928,3929,88.0,0.0,USA,4000000.0,,53342,287.0,270.0,16000,0.0,1000.0,947.0,939.0,4777,6.2,Good
3352,3353,150.0,1.0,USA,8500000.0,140244.0,20419,259.0,147.0,8000,163.0,2000.0,716.0,636.0,4168,6.7,Good
2199,2200,98.0,0.0,USA,20000000.0,,18481,230.0,90.0,4000,20.0,889.0,877.0,160.0,2110,5.9,Fair
1798,1799,164.0,0.0,UK,16000000.0,26400000.0,12980,89.0,52.0,845,767.0,358.0,223.0,162.0,1334,7.4,Good
922,923,116.0,1.0,USA,51000000.0,90567722.0,185878,481.0,155.0,0,101.0,889.0,624.0,79.0,1711,6.5,Good
4936,4937,25.0,0.0,USA,150000.0,,21826,126.0,43.0,0,36.0,39.0,36.0,27.0,139,8.4,Excellent
3993,3994,121.0,1.0,USA,3500000.0,,5941,74.0,22.0,470,22.0,606.0,481.0,367.0,2402,7.0,Good
3553,3554,99.0,0.0,USA,6500000.0,84263837.0,81699,291.0,271.0,45000,40.0,1000.0,421.0,300.0,2323,5.4,Fair
1289,1290,123.0,1.0,USA,40000000.0,15962471.0,79892,619.0,260.0,0,0.0,4000.0,887.0,826.0,7243,6.4,Good
1545,1546,107.0,6.0,USA,32000000.0,101470202.0,310540,669.0,418.0,97000,133.0,17000.0,11000.0,9000.0,38751,6.7,Good
1319,1320,107.0,1.0,USA,20000000.0,7564000.0,54650,223.0,79.0,12000,34.0,11000.0,922.0,472.0,13821,6.2,Good
3086,3087,145.0,1.0,Mexico,10818775.0,5669081.0,3665,57.0,43.0,0,0.0,639.0,377.0,280.0,1807,6.6,Good
4639,4640,113.0,0.0,Romania,590000.0,1185783.0,44763,172.0,233.0,14000,163.0,131.0,60.0,27.0,264,7.9,Good
2603,2604,110.0,2.0,USA,15000000.0,176781728.0,219171,388.0,173.0,19000,12000.0,10000.0,1000.0,555.0,13069,6.9,Good
1314,1315,91.0,8.0,USA,40000000.0,18438149.0,30842,93.0,70.0,0,48.0,61.0,46.0,39.0,222,5.9,Fair
2676,2677,140.0,3.0,USA,15000000.0,21383298.0,187170,376.0,417.0,47000,310.0,33000.0,748.0,619.0,34413,7.3,Good
2211,2212,128.0,1.0,USA,20000000.0,31838002.0,136673,281.0,324.0,10000,835.0,11000.0,896.0,755.0,13189,7.6,Good
2350,2351,105.0,0.0,Panama,20000000.0,,178,1.0,,0,23.0,22000.0,2000.0,897.0,27425,7.2,Good
2906,2907,140.0,0.0,Denmark,12800000.0,4157491.0,79330,690.0,177.0,0,3000.0,963.0,595.0,322.0,2894,8.0,Good
4089,4090,82.0,1.0,USA,3000000.0,4142507.0,3665,81.0,48.0,131,0.0,472.0,324.0,51.0,858,4.4,Fair
1747,1748,167.0,0.0,USA,28000000.0,161029270.0,119928,331.0,349.0,76000,473.0,559.0,427.0,303.0,2702,7.9,Good
3112,3113,80.0,0.0,USA,10000000.0,33583175.0,104089,319.0,273.0,16000,66.0,2000.0,904.0,816.0,5628,6.3,Good
1332,1333,87.0,0.0,USA,39000000.0,35287788.0,73886,165.0,370.0,25000,13000.0,940.0,925.0,787.0,4774,7.0,Good
2428,2429,94.0,0.0,USA,18000000.0,18329466.0,279179,440.0,450.0,63000,0.0,11000.0,642.0,223.0,11984,7.6,Good
2740,2741,97.0,0.0,UK,,122288.0,64777,201.0,195.0,0,197.0,13000.0,794.0,570.0,15293,6.4,Good
4539,4540,120.0,11.0,USA,5000000.0,20773070.0,4501,102.0,29.0,0,18.0,634.0,420.0,295.0,1810,3.4,Bad
3658,3659,111.0,0.0,Thailand,200000000.0,11905519.0,30210,214.0,112.0,0,64.0,778.0,635.0,380.0,2205,7.1,Good
4047,4048,108.0,0.0,Canada,3200000.0,,9356,47.0,188.0,0,43.0,691.0,480.0,463.0,1962,5.7,Fair
3907,3908,119.0,0.0,USA,100000000.0,180011740.0,177729,1368.0,230.0,0,13000.0,1000.0,658.0,567.0,2776,5.7,Fair
1096,1097,110.0,2.0,Peru,45000000.0,57362581.0,50148,116.0,38.0,0,49.0,13000.0,279.0,20.0,13331,5.4,Fair
1482,1483,92.0,3.0,USA,35000000.0,14998070.0,41170,298.0,227.0,0,0.0,11000.0,10000.0,10000.0,32875,6.2,Good
2438,2439,109.0,0.0,USA,18000000.0,13491653.0,23728,213.0,104.0,813,128.0,11000.0,2000.0,1000.0,14995,6.1,Good
232,233,121.0,4.0,USA,120000000.0,30212620.0,35066,196.0,168.0,0,274.0,273.0,216.0,157.0,993,5.3,Fair
48,49,114.0,1.0,USA,195000000.0,65171860.0,106416,205.0,338.0,22000,0.0,979.0,557.0,140.0,1766,6.3,Good
3655,3656,90.0,0.0,USA,6000000.0,,6741,11.0,13.0,0,139.0,2000.0,2000.0,1000.0,6569,6.5,Good
4032,4033,115.0,1.0,Denmark,3800000.0,610968.0,170155,249.0,349.0,60000,346.0,74.0,69.0,26.0,216,8.3,Excellent
1596,1597,90.0,0.0,USA,30000000.0,108360000.0,160321,178.0,59.0,0,176.0,531.0,461.0,460.0,2203,6.3,Good
631,632,124.0,0.0,USA,68000000.0,71069884.0,101899,445.0,141.0,0,0.0,22000.0,10000.0,580.0,32871,6.8,Good
376,377,128.0,1.0,UK,80000000.0,72515360.0,86152,411.0,227.0,0,521.0,591.0,249.0,249.0,2100,6.4,Good
1111,1112,177.0,3.0,USA,40000000.0,27400000.0,97087,569.0,144.0,11000,0.0,913.0,362.0,202.0,2449,6.6,Good
2751,2752,98.0,0.0,Italy,15000000.0,,80,4.0,4.0,18,6.0,61.0,57.0,50.0,192,5.7,Fair
3277,3278,88.0,0.0,USA,83532.0,30859000.0,96410,826.0,277.0,0,365.0,383.0,371.0,177.0,1094,7.5,Good
3209,3210,98.0,0.0,USA,11000000.0,1987762.0,59297,216.0,376.0,12000,607.0,11000.0,414.0,251.0,11853,6.7,Good
833,834,95.0,0.0,Canada,56000000.0,113006880.0,66308,225.0,125.0,0,163.0,14000.0,799.0,650.0,16884,5.5,Fair
3439,3440,100.0,0.0,UK,4500000.0,12574715.0,112138,237.0,278.0,12000,92.0,3000.0,766.0,221.0,4198,7.3,Good
4045,4046,109.0,6.0,USA,3000000.0,141600000.0,90177,257.0,94.0,0,644.0,1000.0,783.0,559.0,3468,7.6,Good
1684,1685,96.0,2.0,USA,30000000.0,18967571.0,23345,167.0,105.0,629,845.0,978.0,968.0,488.0,3072,6.1,Good
1830,1831,135.0,1.0,France,27000000.0,,926,19.0,38.0,359,0.0,5.0,4.0,3.0,24,6.6,Good
836,837,92.0,0.0,USA,60000000.0,217326336.0,57276,146.0,131.0,0,25.0,1000.0,718.0,639.0,2847,5.2,Fair
1214,1215,105.0,2.0,USA,40000000.0,71347010.0,166194,215.0,215.0,0,29.0,24000.0,4000.0,257.0,28928,7.1,Good
2632,2633,98.0,0.0,USA,15000000.0,42592530.0,29867,181.0,198.0,27000,66.0,3000.0,658.0,562.0,4567,6.2,Good
1108,1109,94.0,1.0,USA,25000000.0,32003620.0,79141,355.0,127.0,2000,160.0,550.0,216.0,167.0,1102,6.5,Good
2588,2589,92.0,2.0,USA,16000000.0,2964.0,7444,42.0,54.0,0,143.0,1000.0,945.0,613.0,3086,5.1,Fair
1152,1153,93.0,0.0,USA,40000000.0,29113588.0,117999,181.0,252.0,16000,165.0,26000.0,956.0,350.0,27834,6.6,Good
172,173,138.0,1.0,USA,150000000.0,93926386.0,168207,684.0,244.0,0,608.0,613.0,172.0,168.0,1205,7.4,Good
100,101,166.0,2.0,USA,150000000.0,127490802.0,459346,822.0,362.0,23000,21000.0,11000.0,1000.0,919.0,13333,7.8,Good
674,675,122.0,0.0,USA,65000000.0,52397389.0,132954,514.0,185.0,0,687.0,16000.0,1000.0,957.0,19764,5.9,Fair
4973,4974,86.0,1.0,USA,,33598.0,405,15.0,5.0,97,12.0,238.0,166.0,117.0,623,5.4,Fair
3235,3236,90.0,2.0,USA,8000000.0,100503.0,7759,20.0,22.0,1000,0.0,806.0,690.0,617.0,3124,5.9,Fair
727,728,107.0,0.0,USA,60000000.0,82670733.0,60476,97.0,60.0,0,12000.0,10000.0,3000.0,695.0,14006,5.9,Fair
1264,1265,30.0,0.0,Canada,,,8495,43.0,3.0,301,,51.0,21.0,12.0,108,7.4,Good
4894,4895,93.0,0.0,Australia,200000.0,,152232,303.0,208.0,10000,750.0,728.0,76.0,28.0,928,7.0,Good
4756,4757,91.0,2.0,USA,500000.0,12055.0,739,10.0,28.0,339,0.0,472.0,185.0,170.0,1047,6.5,Good
1130,1131,74.0,2.0,USA,40000000.0,7262288.0,17307,186.0,87.0,892,188.0,11000.0,1000.0,865.0,13917,6.5,Good
2231,2232,119.0,1.0,Australia,20000000.0,21413105.0,15230,97.0,20.0,0,23.0,25000.0,19000.0,748.0,45841,6.8,Good
3688,3689,90.0,2.0,UK,,18434.0,4471,47.0,29.0,484,222.0,5000.0,680.0,222.0,6111,7.7,Good
3629,3630,144.0,1.0,USA,6244087.0,,63192,287.0,147.0,0,541.0,682.0,288.0,242.0,2379,8.0,Good
392,393,140.0,0.0,USA,87000000.0,120147445.0,57661,455.0,175.0,0,378.0,12000.0,947.0,599.0,13808,7.3,Good
5000,5001,117.0,0.0,USA,,321952.0,12611,113.0,71.0,0,17000.0,725.0,572.0,476.0,2783,8.2,Excellent
2499,2500,82.0,2.0,USA,17000000.0,30324946.0,48458,239.0,63.0,0,12.0,8000.0,357.0,281.0,9271,6.2,Good
725,726,83.0,0.0,USA,105000000.0,90646554.0,124641,289.0,131.0,0,35.0,13000.0,11000.0,754.0,25788,6.6,Good
387,388,138.0,1.0,UK,100000000.0,35168677.0,49311,278.0,136.0,0,0.0,14000.0,602.0,123.0,15149,6.7,Good
4320,4321,86.0,0.0,Ireland,,,6585,53.0,98.0,0,5.0,121.0,94.0,47.0,322,5.7,Fair
1124,1125,212.0,0.0,USA,50000000.0,13560960.0,23996,161.0,83.0,915,0.0,12000.0,5000.0,805.0,21130,7.1,Good
2593,2594,45.0,0.0,Norway,34000000.0,,19164,79.0,20.0,16000,,422.0,57.0,15.0,537,8.1,Excellent
4832,4833,80.0,1.0,USA,200000.0,856942.0,12241,112.0,189.0,0,129.0,375.0,44.0,26.0,460,7.1,Good
3941,3942,86.0,1.0,UK,4000000.0,185577.0,2133,31.0,33.0,182,8.0,759.0,638.0,428.0,2805,6.3,Good
1826,1827,112.0,1.0,USA,15000000.0,4485485.0,14612,105.0,78.0,0,541.0,22000.0,22000.0,638.0,46022,6.4,Good
1997,1998,92.0,2.0,USA,25000000.0,1550000.0,30628,471.0,143.0,937,892.0,783.0,595.0,492.0,2930,2.9,Bad
952,953,118.0,7.0,USA,50000000.0,84244877.0,375456,292.0,310.0,44000,43.0,33000.0,15000.0,7000.0,57426,7.4,Good
3222,3223,123.0,0.0,UK,,756452.0,27009,118.0,196.0,12000,0.0,18000.0,451.0,131.0,18652,6.2,Good
260,261,102.0,0.0,USA,110000000.0,106369117.0,225273,523.0,366.0,71000,263.0,6000.0,1000.0,1000.0,10583,6.2,Good
712,713,100.0,3.0,USA,,168213584.0,99989,255.0,177.0,0,12.0,419.0,330.0,311.0,1412,5.9,Fair
4269,4270,100.0,2.0,USA,2000000.0,6531491.0,111658,297.0,365.0,20000,81.0,34000.0,248.0,179.0,34446,7.2,Good
1498,1499,60.0,1.0,UK,,,70568,105.0,51.0,20000,,2000.0,729.0,256.0,3823,8.6,Excellent
3,4,164.0,0.0,USA,250000000.0,448130642.0,1144337,2701.0,813.0,164000,22000.0,27000.0,23000.0,23000.0,106759,8.5,Excellent
2437,2438,98.0,0.0,USA,18000000.0,8000000.0,1400,41.0,25.0,346,28.0,372.0,262.0,102.0,927,5.0,Fair
1637,1638,123.0,1.0,UK,30000000.0,50921738.0,192930,581.0,316.0,12000,456.0,19000.0,1000.0,286.0,20499,7.8,Good
841,842,118.0,1.0,USA,70000000.0,177575142.0,244840,372.0,171.0,0,72.0,10000.0,975.0,681.0,13426,6.6,Good
2947,2948,121.0,2.0,USA,12000000.0,22905674.0,121676,290.0,128.0,0,131.0,13000.0,940.0,599.0,14890,7.4,Good
2831,2832,121.0,1.0,USA,13000000.0,123922370.0,98348,131.0,62.0,0,272.0,49000.0,263.0,227.0,50141,7.3,Good
2187,2188,77.0,0.0,USA,30000000.0,45542421.0,13319,53.0,89.0,347,25.0,304.0,253.0,16.0,575,6.3,Good
636,637,121.0,4.0,USA,65000000.0,29655590.0,53970,435.0,125.0,0,18.0,1000.0,855.0,776.0,3986,6.0,Fair
2732,2733,116.0,0.0,Canada,,819852.0,6690,83.0,95.0,284,460.0,5000.0,203.0,71.0,5426,7.0,Good
2826,2827,105.0,0.0,USA,,687081.0,5602,59.0,58.0,329,148.0,539.0,508.0,400.0,1767,6.0,Fair
457,458,117.0,1.0,USA,80000000.0,103028109.0,172878,203.0,204.0,19000,221.0,11000.0,3000.0,503.0,16325,6.4,Good
1022,1023,43.0,3.0,USA,,,33535,149.0,28.0,0,,3000.0,845.0,600.0,5381,7.0,Good
4317,4318,119.0,2.0,South Africa,2000000.0,4958.0,9689,23.0,30.0,1000,5.0,29.0,18.0,12.0,86,7.8,Good
1427,1428,125.0,2.0,USA,35000000.0,83299761.0,117719,306.0,405.0,39000,102.0,15000.0,2000.0,825.0,19809,7.5,Good
2544,2545,100.0,0.0,France,15000000.0,44667095.0,190030,583.0,576.0,30000,405.0,996.0,897.0,628.0,4606,8.0,Good
3057,3058,118.0,1.0,USA,11000000.0,9170214.0,171882,292.0,80.0,14000,529.0,40000.0,29000.0,472.0,69746,7.8,Good
3020,3021,100.0,2.0,UK,11500000.0,,3737,27.0,35.0,443,2.0,680.0,544.0,388.0,1780,6.0,Fair
2736,2737,105.0,1.0,Taiwan,15000000.0,613556.0,9427,87.0,205.0,0,141.0,1000.0,103.0,56.0,1172,6.4,Good
647,648,169.0,2.0,USA,70000000.0,216119491.0,881236,2277.0,219.0,22000,14000.0,15000.0,14000.0,13000.0,44998,8.6,Excellent
143,144,85.0,0.0,UK,149000000.0,64459316.0,85086,122.0,135.0,0,42.0,20000.0,14000.0,586.0,35161,6.7,Good
380,381,116.0,0.0,USA,68000000.0,61355436.0,52136,184.0,64.0,0,176.0,192.0,117.0,84.0,475,6.2,Good
3217,3218,85.0,2.0,Hong Kong,10000000.0,488872.0,56923,243.0,246.0,0,0.0,478.0,83.0,51.0,700,7.3,Good
3964,3965,84.0,2.0,USA,4000000.0,,1929,4.0,3.0,170,4.0,637.0,346.0,271.0,1932,6.3,Good
224,225,123.0,0.0,UK,120000000.0,108521835.0,40123,297.0,267.0,31000,521.0,13000.0,365.0,265.0,13752,7.1,Good
2148,2149,91.0,0.0,USA,21000000.0,958319.0,39764,148.0,276.0,17000,0.0,34000.0,242.0,220.0,34705,6.7,Good
338,339,192.0,2.0,USA,94000000.0,377019252.0,1215718,3189.0,328.0,16000,0.0,5000.0,857.0,416.0,6434,8.9,Excellent
956,957,127.0,3.0,USA,50000000.0,67823573.0,91176,130.0,64.0,0,249.0,18000.0,11000.0,808.0,30383,6.6,Good
3912,3913,81.0,0.0,USA,4000000.0,7825820.0,13086,156.0,125.0,576,5.0,49000.0,780.0,710.0,50831,5.9,Fair
1000,1001,95.0,1.0,USA,50000000.0,27067160.0,18404,150.0,99.0,0,0.0,13000.0,559.0,323.0,14706,5.9,Fair
4680,4681,89.0,1.0,USA,16000000.0,42638165.0,42183,230.0,178.0,0,687.0,10000.0,787.0,389.0,12183,4.8,Fair
2741,2742,88.0,0.0,Canada,9000000.0,,2699,29.0,14.0,154,85.0,825.0,476.0,40.0,1432,5.6,Fair
70,71,106.0,2.0,USA,170000000.0,113745408.0,129601,648.0,85.0,0,188.0,10000.0,4000.0,582.0,15870,4.8,Fair
1364,1365,97.0,2.0,Italy,38000000.0,,6691,28.0,21.0,366,2.0,4000.0,476.0,217.0,4900,4.8,Fair
1252,1253,95.0,4.0,USA,,50562555.0,81334,291.0,175.0,0,30.0,799.0,690.0,664.0,2787,6.5,Good
72,73,123.0,8.0,USA,175000000.0,161087183.0,118992,971.0,418.0,80000,452.0,10000.0,336.0,329.0,11287,6.9,Good
2200,2201,105.0,1.0,USA,20000000.0,35596227.0,79461,463.0,333.0,10000,210.0,978.0,191.0,101.0,1454,6.3,Good
3073,3074,118.0,2.0,Australia,15000000.0,399879.0,5772,115.0,75.0,302,10.0,172.0,71.0,48.0,378,6.4,Good
2888,2889,88.0,6.0,UK,13000000.0,1024175.0,82331,297.0,399.0,18000,115.0,1000.0,305.0,304.0,2011,6.6,Good
562,563,91.0,0.0,USA,74000000.0,336029560.0,142403,275.0,308.0,70000,22.0,7000.0,4000.0,1000.0,13616,6.4,Good
3140,3141,122.0,6.0,UK,10000000.0,33071558.0,22369,100.0,158.0,21000,108.0,220.0,186.0,111.0,583,6.6,Good
1923,1924,101.0,2.0,USA,30000000.0,34604054.0,34942,185.0,109.0,1000,43.0,5000.0,618.0,432.0,6867,5.8,Fair
3262,3263,102.0,7.0,UK,10000000.0,,5865,12.0,29.0,1000,7.0,31000.0,1000.0,1000.0,35634,6.0,Fair
3808,3809,67.0,2.0,USA,10000000.0,,83,1.0,3.0,165,0.0,979.0,732.0,388.0,2509,6.7,Good
4165,4166,95.0,0.0,Netherlands,2650000.0,,1470,5.0,19.0,121,53.0,20.0,3.0,2.0,25,7.0,Good
1298,1299,91.0,1.0,USA,30000000.0,14018364.0,17722,111.0,70.0,849,29.0,976.0,799.0,762.0,3974,4.8,Fair
1078,1079,141.0,0.0,USA,45000000.0,100768056.0,59569,89.0,43.0,0,79.0,18000.0,8000.0,956.0,30063,6.5,Good
2122,2123,92.0,0.0,USA,12000000.0,,9513,116.0,84.0,0,607.0,813.0,85.0,35.0,1011,7.7,Good
2760,2761,139.0,1.0,Denmark,14200000.0,74205.0,18646,81.0,140.0,1000,3000.0,3000.0,769.0,236.0,4211,7.4,Good
2717,2718,105.0,4.0,USA,15000000.0,5217498.0,3668,85.0,49.0,157,52.0,477.0,397.0,275.0,2312,4.6,Fair
4537,4538,86.0,0.0,USA,1000000.0,18112929.0,52642,271.0,270.0,24000,18.0,1000.0,466.0,300.0,2665,5.0,Fair
1770,1771,104.0,2.0,USA,28000000.0,43097652.0,59068,128.0,171.0,0,96.0,943.0,763.0,559.0,3497,6.3,Good
1276,1277,104.0,0.0,Germany,40000000.0,27053815.0,12856,291.0,107.0,299,0.0,964.0,931.0,327.0,2888,4.7,Fair
4878,4879,108.0,0.0,USA,,,870,18.0,15.0,76,32.0,602.0,427.0,180.0,1991,4.5,Fair
1917,1918,105.0,1.0,USA,,36310118.0,13194,59.0,72.0,671,23.0,1000.0,619.0,485.0,3535,5.5,Fair
4744,4745,90.0,5.0,USA,,342936.0,45928,106.0,155.0,0,217.0,10000.0,10000.0,243.0,20480,6.1,Good
3899,3900,60.0,1.0,USA,,,3852,47.0,9.0,634,,1000.0,1000.0,904.0,5203,7.5,Good
1046,1047,112.0,8.0,Canada,48000000.0,56607223.0,93367,497.0,103.0,0,109.0,779.0,629.0,261.0,1823,6.4,Good
1320,1321,101.0,2.0,USA,25000000.0,876671.0,22010,90.0,94.0,0,47.0,499.0,3.0,2.0,504,6.9,Good
4635,4636,90.0,1.0,USA,989000.0,,443,4.0,6.0,42,29.0,1000.0,569.0,558.0,2504,4.8,Fair
327,328,85.0,0.0,USA,100000000.0,58867694.0,54077,112.0,154.0,0,9.0,12000.0,11000.0,970.0,25590,6.8,Good
4647,4648,88.0,1.0,USA,850000.0,442638.0,5489,23.0,73.0,337,0.0,465.0,140.0,102.0,897,7.3,Good
1881,1882,85.0,0.0,USA,25000000.0,80034302.0,296787,2192.0,459.0,0,198.0,2000.0,1000.0,387.0,3958,7.0,Good
4691,4692,104.0,,USA,1000000.0,,1354,17.0,23.0,523,0.0,601.0,524.0,195.0,1581,6.3,Good
732,733,111.0,4.0,USA,58000000.0,90356857.0,238916,328.0,315.0,32000,124.0,13000.0,11000.0,357.0,24928,7.1,Good
3066,3067,105.0,0.0,USA,,540085.0,10052,69.0,87.0,0,0.0,14000.0,12000.0,776.0,28004,6.3,Good
3311,3312,120.0,1.0,Italy,9000000.0,349618.0,4302,45.0,76.0,375,930.0,982.0,602.0,433.0,2942,6.1,Good
2118,2119,116.0,0.0,France,22000000.0,1050445.0,21394,147.0,115.0,11000,13.0,203.0,172.0,140.0,773,7.8,Good
2196,2197,124.0,1.0,USA,20000000.0,37672350.0,5427,51.0,29.0,0,8.0,508.0,270.0,232.0,1660,5.5,Fair
1953,1954,98.0,0.0,Germany,13000000.0,15361537.0,12263,132.0,58.0,564,70.0,462.0,444.0,223.0,1855,4.6,Fair
622,623,95.0,0.0,USA,70000000.0,13596911.0,25572,123.0,81.0,2000,101.0,2000.0,509.0,443.0,3734,6.2,Good
333,334,89.0,1.0,USA,95000000.0,50802661.0,58300,139.0,82.0,0,10.0,2000.0,919.0,442.0,3372,6.9,Good
1290,1291,101.0,3.0,USA,40000000.0,14942422.0,14226,60.0,40.0,555,58.0,12000.0,975.0,497.0,14008,5.9,Fair
4682,4683,88.0,0.0,USA,750000.0,47329.0,1661,31.0,31.0,163,168.0,108.0,72.0,21.0,243,6.6,Good
1405,1406,106.0,5.0,USA,35000000.0,117528646.0,353442,387.0,340.0,31000,91.0,18000.0,464.0,64.0,18669,6.9,Good
1495,1496,123.0,0.0,USA,35000000.0,10137502.0,77394,195.0,335.0,24000,0.0,23000.0,22.0,6.0,23031,7.4,Good
3302,3303,30.0,0.0,USA,,,5478,54.0,1.0,748,,177.0,170.0,140.0,639,3.5,Bad
547,548,116.0,2.0,USA,75000000.0,45434443.0,175960,360.0,362.0,43000,0.0,15000.0,509.0,104.0,15735,7.3,Good
490,491,89.0,5.0,USA,80000000.0,38542418.0,151424,252.0,258.0,0,84.0,13000.0,1000.0,1000.0,18132,6.3,Good
4062,4063,98.0,0.0,USA,3000000.0,24629916.0,12942,34.0,35.0,902,188.0,2000.0,970.0,693.0,4277,5.1,Fair
1274,1275,90.0,2.0,USA,40000000.0,28535768.0,10446,105.0,62.0,279,39.0,607.0,322.0,210.0,1335,5.3,Fair
2008,2009,80.0,0.0,France,25000000.0,,753,24.0,4.0,90,0.0,44.0,9.0,0.0,53,2.9,Bad
2423,2424,103.0,1.0,USA,18000000.0,26400000.0,62009,109.0,77.0,2000,130.0,691.0,476.0,406.0,2481,5.8,Fair
446,447,113.0,11.0,USA,82000000.0,158115031.0,130070,316.0,134.0,0,88.0,11000.0,437.0,421.0,13693,6.4,Good
251,252,119.0,3.0,UK,110000000.0,125332007.0,149680,328.0,160.0,0,55.0,811.0,766.0,387.0,2958,6.5,Good
3898,3899,105.0,0.0,USA,4000000.0,,3102,35.0,20.0,283,82.0,746.0,119.0,69.0,986,6.8,Good
1768,1769,115.0,0.0,USA,28000000.0,71346930.0,78008,160.0,184.0,23000,529.0,576.0,447.0,325.0,1554,6.7,Good
538,539,124.0,0.0,USA,75000000.0,68473360.0,49536,379.0,134.0,0,258.0,867.0,826.0,748.0,3424,5.9,Fair
1580,1581,118.0,0.0,USA,31000000.0,44983704.0,81866,510.0,168.0,0,40.0,2000.0,702.0,617.0,4045,7.3,Good
1003,1004,110.0,1.0,USA,50000000.0,26199517.0,34356,260.0,146.0,705,16000.0,16000.0,1000.0,581.0,18635,6.4,Good
2385,2386,81.0,0.0,USA,19000000.0,22245861.0,143251,710.0,241.0,0,0.0,12000.0,11000.0,836.0,25489,7.7,Good
510,511,95.0,0.0,USA,78000000.0,119793567.0,64387,85.0,169.0,15000,18.0,622.0,161.0,18.0,848,6.5,Good
4363,4364,109.0,0.0,USA,,841206.0,2603,34.0,68.0,952,0.0,553.0,471.0,186.0,1439,6.3,Good
2685,2686,85.0,0.0,USA,,10353690.0,2673,31.0,68.0,116,0.0,468.0,67.0,44.0,646,8.4,Excellent
4217,4218,101.0,2.0,USA,2361000.0,,1079,28.0,8.0,144,24.0,675.0,659.0,226.0,1627,6.5,Good
1412,1413,129.0,1.0,Japan,35000000.0,110008260.0,94241,309.0,332.0,25000,0.0,492.0,392.0,213.0,1450,6.3,Good
2586,2587,92.0,1.0,UK,15000000.0,23091.0,5664,42.0,67.0,921,6.0,10000.0,304.0,227.0,11091,6.2,Good
1437,1438,120.0,0.0,USA,10700000.0,76600000.0,105446,321.0,223.0,11000,365.0,887.0,770.0,723.0,3876,7.4,Good
1393,1394,95.0,0.0,USA,36000000.0,2954405.0,1977,64.0,63.0,133,31.0,944.0,886.0,450.0,2928,5.3,Fair
4044,4045,95.0,0.0,USA,3200000.0,,25542,252.0,130.0,0,38.0,164000.0,2000.0,898.0,170118,6.4,Good
1647,1648,111.0,1.0,USA,30000000.0,41407470.0,43378,292.0,82.0,0,23.0,3000.0,3000.0,1000.0,9638,7.6,Good
3336,3337,103.0,0.0,USA,8000000.0,14879556.0,73640,441.0,175.0,0,729.0,2000.0,841.0,133.0,3516,7.3,Good
3809,3810,95.0,7.0,USA,,,1091,15.0,6.0,0,7.0,989.0,970.0,541.0,3514,5.1,Fair
315,316,102.0,1.0,USA,100000000.0,49392095.0,52029,224.0,167.0,0,52.0,8000.0,735.0,526.0,10552,5.4,Fair
3718,3719,110.0,0.0,UK,5000000.0,21994911.0,98354,433.0,151.0,0,335.0,838.0,203.0,34.0,1122,7.7,Good
3081,3082,97.0,1.0,Canada,12500000.0,,1337,28.0,17.0,392,4.0,882.0,450.0,194.0,1554,6.3,Good
2520,2521,128.0,3.0,USA,,2694071.0,3222,64.0,35.0,352,9.0,767.0,327.0,193.0,1727,6.7,Good
2409,2410,113.0,1.0,USA,18000000.0,43601508.0,35718,317.0,111.0,0,22.0,727.0,171.0,148.0,1310,6.7,Good
5012,5013,79.0,0.0,USA,24000.0,,493,21.0,28.0,61,3.0,93.0,46.0,42.0,243,7.0,Good
1807,1808,119.0,4.0,USA,,44087387.0,22304,33.0,73.0,894,43.0,953.0,713.0,523.0,3525,6.2,Good
3070,3071,95.0,0.0,USA,10800000.0,56729973.0,88529,262.0,160.0,0,43.0,3000.0,723.0,357.0,5286,5.8,Fair
1024,1025,107.0,0.0,USA,50000000.0,9795017.0,9227,70.0,50.0,422,607.0,2000.0,979.0,602.0,5461,5.1,Fair
4259,4260,129.0,7.0,USA,2000000.0,34522221.0,15401,175.0,34.0,10000,589.0,690.0,589.0,341.0,2300,7.0,Good
3363,3364,95.0,0.0,USA,8000000.0,40066497.0,23671,247.0,58.0,0,548.0,389.0,363.0,360.0,1792,3.5,Bad
3678,3679,104.0,0.0,USA,5000000.0,1056102.0,18792,153.0,91.0,1000,10.0,715.0,436.0,93.0,1315,6.6,Good
3424,3425,124.0,0.0,Canada,8000000.0,,4412,31.0,20.0,520,2.0,413.0,265.0,23.0,733,7.7,Good
343,344,92.0,0.0,USA,93000000.0,181166115.0,219501,1236.0,198.0,0,394.0,693.0,595.0,527.0,2574,5.9,Fair
4603,4604,90.0,3.0,USA,,5494.0,377,13.0,8.0,17,18.0,491.0,490.0,422.0,2633,5.6,Fair
658,659,119.0,2.0,USA,65000000.0,115731542.0,151812,556.0,153.0,0,0.0,15000.0,793.0,744.0,17768,6.5,Good
721,722,109.0,1.0,USA,61000000.0,75573300.0,156898,172.0,265.0,22000,175.0,18000.0,497.0,459.0,20148,6.7,Good
2850,2851,117.0,9.0,USA,13000000.0,49121934.0,6528,32.0,37.0,0,17.0,1000.0,997.0,912.0,6554,6.1,Good
4203,4204,80.0,0.0,USA,2500000.0,99851.0,1138,30.0,28.0,0,0.0,191.0,12.0,5.0,210,7.1,Good
2355,2356,236.0,1.0,USA,22000000.0,184208848.0,186485,382.0,92.0,0,0.0,933.0,839.0,232.0,2398,8.0,Good
2384,2385,90.0,0.0,USA,19000000.0,64255243.0,80903,518.0,220.0,0,15.0,87000.0,17000.0,16000.0,120797,6.0,Fair
1611,1612,108.0,0.0,USA,25000000.0,83813460.0,270238,452.0,391.0,19000,655.0,24000.0,10000.0,940.0,35209,7.4,Good
2825,2826,110.0,7.0,UK,15000000.0,14989761.0,185845,284.0,401.0,52000,454.0,2000.0,906.0,816.0,4757,7.2,Good
1891,1892,134.0,0.0,USA,25000000.0,56505065.0,95241,439.0,84.0,11000,170.0,2000.0,722.0,472.0,4453,7.8,Good
3211,3212,104.0,1.0,Canada,10000000.0,1011054.0,10585,83.0,82.0,0,23.0,22000.0,893.0,232.0,23513,7.2,Good
246,247,108.0,1.0,USA,116000000.0,67155742.0,62271,277.0,93.0,0,79.0,650.0,293.0,268.0,1569,5.8,Fair
2824,2825,124.0,1.0,UK,13500000.0,7060876.0,44795,314.0,132.0,0,133.0,14000.0,230.0,170.0,14726,7.4,Good
2002,2003,107.0,3.0,UK,25000000.0,1186957.0,9264,69.0,160.0,0,0.0,962.0,266.0,240.0,1591,6.8,Good
592,593,45.0,0.0,USA,,,49049,110.0,39.0,14000,,898.0,372.0,160.0,1430,7.5,Good
4993,4994,81.0,7.0,USA,50000.0,,66,2.0,7.0,83,3.0,26.0,20.0,18.0,70,7.4,Good
1038,1039,127.0,5.0,USA,48000000.0,197171806.0,515306,477.0,149.0,0,14000.0,11000.0,844.0,440.0,12884,8.3,Excellent
3783,3784,95.0,0.0,USA,5000000.0,3219029.0,28845,125.0,322.0,10000,57.0,727.0,442.0,233.0,1836,7.1,Good
265,266,105.0,3.0,USA,105000000.0,71017784.0,27257,59.0,125.0,0,67.0,681.0,71.0,40.0,914,5.4,Fair
913,914,108.0,1.0,USA,52000000.0,143704210.0,145974,611.0,238.0,10000,58.0,14000.0,11000.0,838.0,26002,6.3,Good
4520,4521,116.0,2.0,South Africa,10000000.0,,2050,36.0,5.0,0,12.0,412.0,48.0,25.0,521,6.9,Good
4419,4420,98.0,0.0,USA,1500000.0,406035.0,30314,159.0,84.0,0,21.0,33000.0,243.0,76.0,33441,7.2,Good
2133,2134,87.0,0.0,USA,9000000.0,8579684.0,89547,199.0,168.0,0,0.0,22000.0,557.0,548.0,24324,7.4,Good
3735,3736,100.0,0.0,USA,5000000.0,14343976.0,22961,291.0,129.0,1000,6.0,935.0,120.0,65.0,1327,4.5,Fair
3595,3596,144.0,0.0,USA,8000000.0,20400000.0,6304,87.0,32.0,403,54.0,469.0,436.0,332.0,2037,6.9,Good
4301,4302,96.0,2.0,UK,,,2081,21.0,44.0,224,222.0,5000.0,497.0,20.0,5535,7.1,Good
2917,2918,95.0,6.0,USA,11000000.0,101736215.0,315549,789.0,145.0,0,80.0,3000.0,1000.0,1000.0,8134,7.0,Good
1279,1280,99.0,0.0,USA,40000000.0,25117498.0,37412,178.0,190.0,0,81.0,327.0,253.0,135.0,960,5.7,Fair
3240,3241,93.0,1.0,USA,10000000.0,5561.0,4995,34.0,20.0,160,7.0,906.0,848.0,611.0,4725,3.9,Bad
652,653,150.0,0.0,USA,65000000.0,182204440.0,197412,720.0,538.0,71000,14000.0,23000.0,826.0,655.0,25517,7.4,Good
1999,2000,107.0,2.0,Canada,25000000.0,871527.0,14982,128.0,97.0,507,460.0,14000.0,1000.0,490.0,16090,6.5,Good
3092,3093,98.0,1.0,USA,10000000.0,68353550.0,70141,385.0,139.0,0,235.0,4000.0,464.0,229.0,5270,5.9,Fair
3775,3776,121.0,0.0,USA,5000000.0,4700361.0,2047,29.0,12.0,0,35.0,4000.0,849.0,473.0,6617,4.6,Fair
4151,4152,90.0,1.0,Australia,,,4173,32.0,57.0,0,18.0,130.0,96.0,39.0,362,6.1,Good
3844,3845,115.0,0.0,USA,4500000.0,,13474,115.0,42.0,0,1000.0,232.0,169.0,68.0,588,7.4,Good
1539,1540,97.0,1.0,USA,33000000.0,173381405.0,147597,395.0,152.0,21000,4000.0,22000.0,11000.0,8000.0,43354,6.9,Good
4726,4727,87.0,6.0,USA,,,1305,3.0,8.0,244,490.0,833.0,523.0,201.0,2295,5.4,Fair
2001,2002,117.0,0.0,USA,25000000.0,777423.0,5841,57.0,28.0,942,162.0,2000.0,878.0,745.0,4351,7.2,Good
1928,1929,144.0,6.0,France,25500000.0,41229.0,14612,41.0,91.0,0,0.0,15000.0,960.0,745.0,18442,6.5,Good
350,351,118.0,0.0,UK,95000000.0,88761720.0,141179,419.0,217.0,9000,0.0,8000.0,3000.0,1000.0,14024,5.9,Fair
4677,4678,89.0,1.0,USA,,7705974.0,3543,8.0,5.0,614,15.0,312.0,135.0,95.0,548,7.5,Good
2626,2627,87.0,0.0,USA,15000000.0,47860214.0,34711,468.0,152.0,0,165.0,1000.0,431.0,383.0,2452,5.0,Fair
2644,2645,119.0,0.0,USA,15000000.0,33386128.0,36372,491.0,220.0,3000,0.0,908.0,764.0,593.0,3226,4.9,Fair
3759,3760,106.0,10.0,USA,5000000.0,,8930,90.0,27.0,672,44.0,559.0,249.0,136.0,1199,6.6,Good
352,353,82.0,2.0,USA,90000000.0,245823397.0,385871,515.0,191.0,0,487.0,15000.0,1000.0,967.0,21275,7.9,Good
3723,3724,134.0,1.0,USA,5000000.0,20733485.0,11622,157.0,95.0,1000,3000.0,205.0,130.0,77.0,428,7.2,Good
3850,3851,115.0,3.0,Spain,700000000.0,1687311.0,2412,40.0,35.0,539,98.0,341.0,26.0,4.0,371,7.2,Good
4084,4085,94.0,0.0,USA,,6879730.0,806,23.0,17.0,187,78.0,912.0,637.0,469.0,3049,6.9,Good
2458,2459,60.0,1.0,USA,,,12854,44.0,14.0,0,,654.0,426.0,405.0,1906,6.7,Good
4553,4554,94.0,0.0,USA,,4417124.0,42389,183.0,120.0,37000,11.0,37.0,3.0,2.0,42,7.9,Good
1940,1941,121.0,3.0,USA,25000000.0,37738400.0,67797,285.0,322.0,30000,53.0,19000.0,11000.0,8000.0,39690,7.3,Good
211,212,129.0,2.0,USA,125000000.0,186830669.0,338635,412.0,382.0,39000,0.0,21000.0,979.0,154.0,22403,7.5,Good
3327,3328,84.0,0.0,USA,8600000.0,14373825.0,63216,196.0,133.0,0,8.0,4000.0,922.0,896.0,6954,6.5,Good
3830,3831,90.0,1.0,Denmark,4800000.0,778565.0,83234,475.0,440.0,30000,0.0,33000.0,1000.0,428.0,34779,5.7,Fair
3693,3694,103.0,2.0,USA,5100000.0,,21049,249.0,41.0,0,82.0,208.0,191.0,32.0,454,7.3,Good
4578,4579,100.0,0.0,USA,,750100.0,19752,61.0,117.0,0,71.0,11000.0,733.0,145.0,12234,6.3,Good
4868,4869,58.0,1.0,UK,,,12848,59.0,11.0,10000,,887.0,340.0,250.0,2572,8.5,Excellent
187,188,94.0,0.0,USA,135000000.0,177343675.0,70121,214.0,165.0,26000,12.0,17000.0,523.0,183.0,17883,6.7,Good
3373,3374,111.0,0.0,UK,8000000.0,22551000.0,37269,165.0,41.0,0,0.0,18000.0,18000.0,591.0,37645,7.4,Good
2986,2987,109.0,5.0,UK,12000000.0,2326407.0,5016,99.0,61.0,305,40.0,5000.0,1000.0,794.0,7166,7.0,Good
2913,2914,148.0,2.0,South Korea,12800000.0,1110186.0,31943,224.0,86.0,0,16.0,717.0,517.0,489.0,1730,8.1,Excellent
2979,2980,86.0,0.0,USA,12000000.0,5542025.0,12197,150.0,144.0,650,378.0,957.0,925.0,783.0,3535,6.3,Good
4780,4781,107.0,0.0,UK,2000000.0,768045.0,19732,120.0,92.0,0,521.0,773.0,89.0,80.0,976,7.7,Good
2881,2882,105.0,0.0,USA,26000000.0,28501651.0,88037,201.0,217.0,10000,260.0,20000.0,15000.0,1000.0,39473,7.1,Good
951,952,128.0,0.0,USA,,75888270.0,71153,560.0,196.0,0,62.0,6000.0,989.0,874.0,10163,5.4,Fair
3747,3748,86.0,0.0,USA,5000000.0,17683670.0,47227,323.0,228.0,0,17.0,520.0,270.0,205.0,1520,5.2,Fair
3784,3785,88.0,0.0,USA,5000000.0,,5494,56.0,50.0,255,0.0,740.0,625.0,276.0,1665,5.6,Fair
4877,4878,35.0,5.0,USA,,,31,,,0,2.0,338.0,219.0,152.0,968,6.9,Good
672,673,105.0,0.0,USA,50100000.0,53846915.0,149337,221.0,279.0,23000,43.0,10000.0,806.0,523.0,11943,6.6,Good
776,777,91.0,1.0,Spain,70000000.0,42194060.0,41259,72.0,156.0,0,2.0,12000.0,10000.0,480.0,22668,6.1,Good
4555,4556,104.0,1.0,USA,1000000.0,3386698.0,4195,86.0,38.0,392,122.0,22000.0,472.0,458.0,23461,6.7,Good
3233,3234,86.0,0.0,USA,10000000.0,15447.0,2971,85.0,29.0,89,71.0,795.0,474.0,385.0,2655,3.5,Bad
261,262,103.0,3.0,USA,110000000.0,142614158.0,66593,153.0,172.0,31000,67.0,383.0,113.0,111.0,692,5.5,Fair
4755,4756,87.0,3.0,USA,,,299,11.0,2.0,29,0.0,584.0,507.0,347.0,1924,5.0,Fair
4287,4288,60.0,5.0,USA,,,415,26.0,1.0,43,,11000.0,289.0,143.0,11618,7.3,Good
2107,2108,98.0,0.0,Canada,22000000.0,14252830.0,18900,242.0,93.0,0,4.0,3000.0,486.0,83.0,3769,5.3,Fair
288,289,140.0,1.0,USA,100000000.0,97030725.0,230931,585.0,357.0,0,0.0,40000.0,23000.0,1000.0,64599,7.0,Good
3333,3334,96.0,9.0,USA,8500000.0,21564616.0,7098,41.0,52.0,0,68.0,3000.0,1000.0,1000.0,8097,5.0,Fair
1655,1656,101.0,1.0,USA,27000000.0,38122105.0,112669,226.0,120.0,0,343.0,581.0,571.0,384.0,2373,6.6,Good
1160,1161,105.0,2.0,USA,42000000.0,45290318.0,74169,112.0,154.0,17000,153.0,4000.0,828.0,491.0,6727,6.5,Good
601,602,125.0,0.0,USA,70000000.0,66257002.0,350698,816.0,235.0,26000,13000.0,12000.0,1000.0,883.0,16138,8.0,Good
3457,3458,107.0,0.0,Germany,5000000.0,,80639,96.0,93.0,25000,23.0,287.0,150.0,93.0,635,7.6,Good
3547,3548,101.0,8.0,USA,6800000.0,10696.0,10771,65.0,25.0,413,0.0,240.0,83.0,83.0,490,6.4,Good
4111,4112,99.0,5.0,USA,,1007535.0,7625,54.0,152.0,0,89.0,962.0,476.0,322.0,2452,5.7,Fair
3859,3860,120.0,2.0,France,,706622.0,1213,17.0,50.0,0,0.0,24.0,12.0,9.0,53,6.4,Good
832,833,22.0,1.0,USA,,,26992,54.0,26.0,0,,883.0,701.0,676.0,4115,6.7,Good
4843,4844,80.0,0.0,USA,300000.0,,19875,147.0,164.0,0,43.0,13000.0,926.0,668.0,14950,6.2,Good
2877,2878,107.0,2.0,USA,13000000.0,18004225.0,28573,87.0,150.0,5000,80.0,2000.0,257.0,252.0,3004,5.7,Fair
3141,3142,101.0,1.0,USA,10000000.0,17655201.0,4719,24.0,73.0,851,22.0,918.0,624.0,558.0,3317,6.7,Good
3730,3731,106.0,0.0,USA,5000000.0,17382982.0,5975,33.0,9.0,0,23.0,1000.0,694.0,467.0,2840,5.2,Fair
1167,1168,120.0,1.0,USA,42000000.0,24375436.0,42547,265.0,151.0,748,17.0,22000.0,9000.0,808.0,33585,6.1,Good
4845,4846,94.0,0.0,USA,,,47,4.0,1.0,4,0.0,156.0,102.0,87.0,544,4.5,Fair
3651,3652,111.0,0.0,France,5300000.0,3895664.0,34383,149.0,88.0,0,82.0,809.0,447.0,269.0,1858,7.3,Good
3697,3698,104.0,0.0,USA,15000000.0,71897215.0,126893,440.0,411.0,33000,16.0,14000.0,338.0,82.0,14504,7.3,Good
4394,4395,90.0,0.0,Israel,1500000.0,155972.0,4702,23.0,51.0,0,21.0,53.0,30.0,27.0,137,7.3,Good
4583,4584,135.0,1.0,USA,65000000.0,43982842.0,125114,593.0,308.0,16000,0.0,873.0,559.0,310.0,2369,6.7,Good
1726,1727,93.0,0.0,Germany,,,4599,44.0,36.0,885,7.0,1000.0,898.0,480.0,3095,4.9,Fair
1736,1737,128.0,3.0,USA,30000000.0,37036404.0,44816,259.0,148.0,0,0.0,955.0,869.0,754.0,5404,6.4,Good
959,960,132.0,1.0,USA,54000000.0,70496802.0,791783,2042.0,525.0,48000,160.0,20000.0,979.0,443.0,22417,8.2,Excellent
3983,3984,91.0,3.0,UK,3500000.0,45857453.0,82232,174.0,122.0,0,11.0,1000.0,891.0,121.0,2323,7.2,Good
2023,2024,98.0,4.0,USA,24000000.0,57262492.0,90374,318.0,129.0,0,36.0,13000.0,2000.0,900.0,17582,6.7,Good
5002,5003,79.0,0.0,USA,,24705.0,1516,10.0,61.0,377,2.0,962.0,72.0,20.0,1054,6.3,Good
104,105,98.0,0.0,USA,160000000.0,60655503.0,82380,629.0,231.0,0,249.0,87000.0,2000.0,702.0,92456,5.6,Fair
3085,3086,111.0,0.0,USA,11000000.0,1066555.0,2618,111.0,43.0,411,58.0,482.0,362.0,258.0,1526,5.8,Fair
587,588,153.0,1.0,USA,75000000.0,120523073.0,885175,1527.0,486.0,42000,16000.0,13000.0,11000.0,11000.0,36741,8.3,Excellent
645,646,121.0,0.0,USA,66000000.0,83892374.0,85720,297.0,142.0,0,38.0,940.0,826.0,745.0,4230,7.0,Good
2664,2665,103.0,2.0,USA,15000000.0,26161406.0,13874,52.0,81.0,0,20.0,512.0,316.0,125.0,1002,6.7,Good
1240,1241,99.0,0.0,USA,40000000.0,52320979.0,114321,548.0,175.0,0,18.0,18000.0,426.0,211.0,18693,6.8,Good
4148,4149,93.0,0.0,USA,3000000.0,100675.0,5695,23.0,73.0,0,4.0,875.0,412.0,394.0,2305,6.4,Good
2305,2306,100.0,0.0,Canada,22000000.0,6852144.0,15169,213.0,129.0,0,17.0,669.0,429.0,86.0,1267,6.2,Good
4252,4253,129.0,0.0,USA,2000000.0,,215086,471.0,127.0,15000,89.0,3000.0,226.0,161.0,3833,8.4,Excellent
1991,1992,95.0,2.0,USA,25000000.0,5516708.0,11375,91.0,87.0,295,6.0,849.0,841.0,248.0,2413,4.9,Fair
365,366,128.0,3.0,USA,90000000.0,209019489.0,477300,621.0,415.0,20000,0.0,21000.0,979.0,727.0,23996,7.6,Good
1827,1828,101.0,0.0,USA,27000000.0,4476235.0,49405,226.0,127.0,2000,212.0,1000.0,968.0,749.0,4186,6.4,Good
2314,2315,100.0,1.0,USA,20000000.0,5005883.0,29649,361.0,167.0,0,143.0,829.0,681.0,430.0,2295,6.1,Good
1834,1835,123.0,0.0,USA,25000000.0,100241322.0,175524,752.0,134.0,0,108.0,1000.0,264.0,239.0,1690,7.2,Good
3530,3531,108.0,4.0,USA,7000000.0,453079.0,4124,29.0,104.0,916,30.0,474.0,403.0,281.0,2029,5.9,Fair
621,622,97.0,0.0,USA,70000000.0,19819494.0,26893,126.0,79.0,815,13.0,11000.0,893.0,695.0,13628,5.8,Fair
3517,3518,99.0,2.0,USA,7000000.0,1889522.0,1119,12.0,34.0,797,2.0,1000.0,690.0,455.0,2589,6.5,Good
1558,1559,87.0,1.0,France,32000000.0,43095600.0,156267,340.0,163.0,0,255.0,26000.0,1000.0,810.0,29050,6.3,Good
428,429,107.0,1.0,USA,70000000.0,137340146.0,246492,685.0,173.0,7000,153.0,11000.0,1000.0,233.0,12700,6.4,Good
2796,2797,85.0,1.0,USA,11000000.0,12610731.0,38985,673.0,205.0,0,52.0,1000.0,935.0,489.0,3050,4.4,Fair
82,83,130.0,0.0,USA,170000000.0,208543795.0,317542,620.0,521.0,45000,198.0,10000.0,2000.0,884.0,14363,7.6,Good
618,619,116.0,2.0,UK,35000000.0,25093607.0,105556,157.0,189.0,17000,5.0,26000.0,22000.0,748.0,49608,6.5,Good
4297,4298,91.0,1.0,USA,2000000.0,124494.0,5613,102.0,51.0,0,4.0,33.0,3.0,0.0,36,6.7,Good
3199,3200,118.0,0.0,USA,14000000.0,800000.0,892,21.0,2.0,106,76.0,902.0,488.0,249.0,2079,5.2,Fair
2542,2543,94.0,5.0,USA,15600000.0,68525609.0,132963,302.0,103.0,0,480.0,1000.0,490.0,486.0,3889,6.5,Good
4152,4153,89.0,0.0,USA,3000000.0,,859,17.0,14.0,369,6.0,679.0,234.0,29.0,964,4.0,Bad
423,424,112.0,0.0,USA,60000000.0,31494270.0,273921,522.0,393.0,36000,1000.0,10000.0,1000.0,719.0,12687,7.5,Good
4847,4848,98.0,0.0,France,500000.0,,569,1.0,9.0,114,77.0,19.0,0.0,0.0,19,4.3,Fair
3359,3360,111.0,2.0,USA,8000000.0,69800000.0,54723,99.0,43.0,0,2000.0,15000.0,161.0,51.0,15361,6.2,Good
1409,1410,120.0,2.0,USA,35000000.0,134455175.0,97664,232.0,275.0,17000,91.0,4000.0,904.0,680.0,5826,5.7,Fair
3328,3329,23.0,0.0,USA,,,28190,73.0,47.0,2000,,668.0,296.0,265.0,1484,7.9,Good
